p_star_theory,mean_P_hat_sim,sigma_clt_theory,std_P_hat_sim
0.0186375450020223,0.01879,0.00427670280921178,0.00427620158551956
